Workbook

Sheet Attendance Report
A1: HHC 192nd ENGINEER BATTALION | I1: STRENGTH SUMMARY
I2: HHC 192nd Engineer Battalion
A3: Attendance Report | I3: Category | J3: Total | K3: Present | L3: % Present
I4: Officers | J4: =COUNTIF(B10:B94,"2LT")+COUNTIF(B10:B94,"1LT")+COUNTIF(B10:B94,"CPT")+COUNTIF(B10:B94,"MAJ")+COUNTIF(B10:B94,"LTC")+COUNTIF(B10:B94,"COL")+COUNTIF(B10:B94,"CDT") -> 25 | K4: =COUNTIFS(B10:B94,"2LT",F10:F94,"Present")+COUNTIFS(B10:B94,"1LT",F10:F94,"Present")+COUNTIFS(B10:B94,"CPT",F10:F94,"Present")+COUNTIFS(B10:B94,"MAJ",F10:F94,"Present")+COUNTIFS(B10:B94,"LTC",F10:F94,"Present")+COUNTIFS(B10:B94,"COL",F10:F94,"Present")+COUNTIFS(B10:B94,"CDT",F10:F94,"Present") -> 18 | L4: =IF(J4=0,0,K4/J4) -> 0.72
A5: STATUS LEGEND | I5: Warrant Officers | J5: =COUNTIF(B10:B94,"WO1")+COUNTIF(B10:B94,"CW2")+COUNTIF(B10:B94,"CW3")+COUNTIF(B10:B94,"CW4")+COUNTIF(B10:B94,"CW5") -> 2 | K5: =COUNTIFS(B10:B94,"WO1",F10:F94,"Present")+COUNTIFS(B10:B94,"CW2",F10:F94,"Present")+COUNTIFS(B10:B94,"CW3",F10:F94,"Present")+COUNTIFS(B10:B94,"CW4",F10:F94,"Present")+COUNTIFS(B10:B94,"CW5",F10:F94,"Present") -> 1 | L5: =IF(J5=0,0,K5/J5) -> 0.5
B6: Present | I6: Enlisted (All) | J6: =COUNTA(B10:B94)-J4-J5 -> 58 | K6: =COUNTIF(F10:F94,"Present")-K4-K5 -> 46 | L6: =IF(J6=0,0,K6/J6) -> 0.79310345
B7: SUTA | I7: Enlisted (Non-AGR) | J7: =COUNTIFS(D10:D94,"Enlisted",E10:E94,"<>Yes") -> 51 | K7: =COUNTIFS(D10:D94,"Enlisted",E10:E94,"<>Yes",F10:F94,"Present") -> 39 | L7: =IF(J7=0,0,K7/J7) -> 0.76470588
B8: AWOL | I8: TOTAL | J8: =COUNTA(B10:B94) -> 85 | K8: =COUNTIF(F10:F94,"Present") -> 65 | L8: =IF(J8=0,0,K8/J8) -> 0.76470588
A9: Section | B9: Rank | C9: Name | D9: Category | E9: AGR | F9: Status | G9: Remarks | H9: Location
A10: CMD | B10: CSM | C10: RIOSSOTO ERNESTO | D10: Enlisted | F10: Present | H10: Stratford Armory
A11: CMD | B11: LTC | C11: MILLER CHRISTOPHER | D11: Officer | F11: Present | H11: Stratford Armory
A12: CMD | B12: MAJ | C12: GABER, AARON | D12: Officer | F12: Off-Site Training | G12: CST -> DRUM | H12: Stratford Armory
A13: CMD | B13: MAJ | C13: GIUNTO JUSTIN H | D13: Officer | F13: Present | H13: Stratford Armory
A14: CMD | B14: MAJ | C14: fleming | D14: Officer | F14: Present | H14: Stratford Armory
A15: HQ | B15: 1LT | C15: PRADO CARLOS ANDRES | D15: Officer | F15: Present | H15: Stratford Armory
A16: HQ | B16: 1SG | C16: MINICUCCI MARC | D16: Enlisted | F16: Present | H16: Stratford Armory
A17: S2 | B17: 2LT | C17: QUESNEL | D17: Officer | F17: Present | H17: Stratford Armory
A18: HQ | B18: CDT | C18: RUIZ NOAH RYAN | D18: Officer | F18: Other | G18: RSP | H18: Stratford Armory
A19: HQ | B19: PV1 | C19: CHARLESTON RICHIE SA | D19: Enlisted | F19: Other | G19: BCT | H19: Stratford Armory
A20: HQ | B20: SFC | C20: MARTOVICH RYAN | D20: Enlisted | E20: Yes | F20: Present | H20: Stratford Armory
A21: HQ | B21: SPC | C21: CARDENAS RIVALDO | D21: Enlisted | F21: Present | H21: Stratford Armory
A22: HQ | B22: SPC | C22: LANG AARON | D22: Enlisted | F22: Present | H22: Stratford Armory
A23: HQ | B23: SPC | C23: MEDINA JAELYNN | D23: Enlisted | F23: Present | H23: Stratford Armory
A24: HQ | B24: SPC | C24: STRENGOWSKI JENNA | D24: Enlisted | F24: Present | H24: Stratford Armory
A25: HQ | B25: SSG | C25: GONZALEZ DANIEL | D25: Enlisted | F25: Present | H25: Stratford Armory
A26: HQ | B26: SSG | C26: MIRANDA JOSUE | D26: Enlisted | E26: Yes | F26: Present | H26: Stratford Armory
A27: HQ | B27: SSG | C27: MONIZ RACHEL | D27: Enlisted | E27: Yes | F27: Present | H27: Stratford Armory
A28: HQ | B28: PFC | C28: ROPER JONATHAN | D28: Enlisted | F28: Present | H28: Stratford Armory
A29: HQ | B29: PV2 | C29: QUITVIZACA | D29: Enlisted | F29: Present | H29: Stratford Armory
A30: S1 | B30: PFC | C30: CRUZ ELIZABETH | D30: Enlisted | F30: Present | H30: Stratford Armory
A31: S1 | B31: PFC | C31: DECARLI DANIEL ALLEN | D31: Enlisted | F31: Present | H31: Stratford Armory
A32: S1 | B32: PFC | C32: MAYORGRANFABIAN LAIS | D32: Enlisted | F32: Present | H32: Stratford Armory
A33: S1 | B33: SFC | C33: ALBINO JESSICA | D33: Enlisted | E33: Yes | F33: Present | H33: Stratford Armory
A34: S1 | B34: SGT | C34: ADDAE CHRISTIAN | D34: Enlisted | F34: Present | H34: Stratford Armory
A35: S1 | B35: SGT | C35: BROWN DEYSHANAE KRI | D35: Enlisted | F35: SUTA | H35: Alt AT
A36: S1 | B36: SGT | C36: JARVIS STEPHANIE R | D36: Enlisted | F36: Present | H36: Stratford Armory
A37: S1 | B37: SGT | C37: PEREZ MONTERO ANDRE | D37: Enlisted | F37: Present | H37: Stratford Armory
A38: S1 | B38: SPC | C38: HUDSON ALDAINE | D38: Enlisted | F38: Present | H38: Stratford Armory
A39: S1 | B39: SSG | C39: SCHNEIDER CURTIS | D39: Enlisted | E39: Yes | F39: Present | H39: Stratford Armory
A40: S1 | B40: 2LT | C40: KALSON JAKE | D40: Officer | F40: Present | H40: Stratford Armory
A41: S1 | B41: SSG | C41: MESSONLOPEZ, TOMAS | D41: Enlisted | F41: SUTA | H41: Stratford Armory
A42: S2 | B42: 2LT | C42: LACEY LUKE | D42: Officer | F42: SUTA | H42: Stratford Armory
A43: S2 | B43: 2LT | C43: VANDYKE RIGLEY | D43: Officer | F43: Present | H43: Stratford Armory
A44: S2 | B44: CPT | C44: SUAZO ELVIS | D44: Officer | F44: Present | H44: Stratford Armory
A45: S2 | B45: SGT | C45: CALLAHAN MATTHEW | D45: Enlisted | F45: Present | H45: Stratford Armory
A46: S2 | B46: SGT | C46: EIKLEBERRY ADAM | D46: Enlisted | F46: Present | H46: Stratford Armory
A47: S2 | B47: SPC | C47: HUNDLEY JALEN ERIC | D47: Enlisted | F47: Present | H47: Stratford Armory
A48: S3 | B48: 2LT | C48: BISHOP JAMES P | D48: Officer | F48: Off-Site Training | G48: BOLC | H48: Stratford Armory
A49: S3 | B49: 2LT | C49: JARA JASON | D49: Officer | F49: SUTA | H49: Stratford Armory
A50: S3 | B50: 2LT | C50: ROSE CHARLES NELSON | D50: Officer | F50: SUTA | H50: Stratford Armory
A51: S3 | B51: CDT | C51: BERNARD GORMAN | D51: Officer | F51: Present | H51: Stratford Armory
A52: S3 | B52: CDT | C52: ROOT EVAN | D52: Cadet | F52: Present | H52: Stratford Armory
A53: S3 | B53: CPT | C53: CHONGCUY, LILIANA RIBE | D53: Officer | F53: Present | H53: Stratford Armory
A54: HQ | B54: CPT | C54: DONLON MATTHEW | D54: Officer | F54: Present | H54: Stratford Armory
A55: S3 | B55: CPT | C55: SCORZELLI PETER Josep | D55: Officer | F55: Present | H55: Stratford Armory
A56: S3 | B56: MSG | C56: LONDON, STEVEN JOHN | D56: Enlisted | E56: Yes | F56: Present | H56: Stratford Armory
A57: S3 | B57: MSG | C57: NIEWIAROWSKI, JOSEPH | D57: Enlisted | F57: Present | H57: Stratford Armory
A58: S3 | B58: SFC | C58: PARREIRA DANIEL | D58: Enlisted | E58: Yes | F58: Present | H58: Stratford Armory
A59: S3 | B59: SGT | C59: VALENCIA FABIAN | D59: Enlisted | F59: Other | G59: FUMERAL HONORS | H59: Stratford Armory
A60: S3 | B60: SPC | C60: HENRY STEPHON | D60: Enlisted | F60: Present | H60: Stratford Armory
A61: S3 | B61: CPT | C61: CAPORUSSO CAMERON | D61: Officer | F61: Present | H61: Stratford Armory
A62: S3 | B62: 1LT | C62: RUSSEL BRIAN | D62: OffIcer | F62: Present | H62: Stratford Armory
A63: S3 | B63: 1LT | C63: ZHANG RYAN | D63: Officer | F63: Present | H63: Stratford Armory
A64: S3 | B64: PV2 | C64: ARANTEL | D64: Enlisted | F64: Present | H64: Stratford Armory
A65: S4 | B65: CPT | C65: RICH TIMOTHY D | D65: Officer | F65: Other | H65: Stratford Armory
A66: S4 | B66: CW3 | C66: DAVIS STEVEN | D66: Warrant Officer | F66: Present | H66: Stratford Armory
A67: S4 | B67: SFC | C67: HODGES MARQUETTA | D67: Enlisted | F67: Present | H67: Stratford Armory
A68: S4 | B68: SGT | C68: DESCOTEAUX, JOSHUA J | D68: Enlisted | F68: Other | H68: Stratford Armory
A69: S4 | B69: SGT | C69: DWOMOH CHRISTIAN | D69: Enlisted | F69: Present | H69: Stratford Armory
A70: S4 | B70: SPC | C70: CODERO MARICELA | D70: Enlisted | F70: Present | H70: Stratford Armory
A71: S4 | B71: SPC | C71: JEANBAPTISE TAMIKA | D71: Enlisted | F71: Present | H71: Stratford Armory
... A75: S6 | B75: CPL | C75: PETTWAY, JAYKWAN | D75: Enlisted | F75: Present | H75: Stratford Armory
A76: S6 | B76: PFC | C76: DELIMA NATHAN | D76: Enlisted | F76: Other | G76: ROTC | H76: Stratford Armory
A77: S6 | B77: SFC | C77: SCZYGIEL NATHAN DANIE | D77: Enlisted | F77: SUTA | G77: SUTA FRI / ALT AT | H77: Stratford Armory
A78: S6 | B78: SPC | C78: COELHO KAIQUE DINIZ | D78: Enlisted | F78: Present | H78: Stratford Armory
A79: S6 | B79: SPC | C79: RIVERA JONATHAN | D79: Enlisted | F79: Present | H79: Stratford Armory
A80: S6 | B80: SPC | C80: SAETEROSENCALADA JO | D80: Enlisted | F80: Other | G80: SCHOOL | H80: Stratford Armory
A81: MED | B81: CPT | C81: MELLAD DANE ALEXANDR | D81: Officer | F81: Present | H81: Stratford Armory
A82: MED | B82: PV2 | C82: IBARRA SHAWN | D82: Enlisted | F82: Present | H82: Stratford Armory
A83: MED | B83: SGT | C83: HORNUNG, ASHLEY MAE | D83: Enlisted | F83: Present | H83: Stratford Armory
A84: MED | B84: SPC | C84: BRAVO NAYELLI | D84: Enlisted | F84: Present | H84: Stratford Armory
A85: MED | B85: SPC | C85: MOLINASANDOVAL KARE | D85: Enlisted | F85: Other | G85: OCS | H85: Stratford Armory
A86: MED | B86: SSG | C86: CREAVEN NICHOLAS PAT | D86: Enlisted | F86: Present | H86: Stratford Armory
A87: SURVEY | B87: PFC | C87: DE LA CRUZ ANDERSON | D87: Enlisted | F87: Present | H87: Stratford Armory
A88: SURVEY | B88: PV2 | C88: FIORENTINO RONALDO | D88: Enlisted | F88: Present | H88: Stratford Armory
A89: SURVEY | B89: SFC | C89: REYES REINALDO JUNIOR | D89: Enlisted | F89: SUTA | H89: Stratford Armory
A90: SURVEY | B90: SGT | C90: BREHMER JOHN | D90: Enlisted | F90: Present | H90: Stratford Armory
A91: SURVEY | B91: SGT | C91: DESGRAVES JEAN | D91: Enlisted | F91: SUTA | H91: Stratford Armory
A92: SURVEY | B92: SGT | C92: VASQUEZ FRANKLIN | D92: Enlisted | F92: Present | H92: Stratford Armory
A93: SURVEY | B93: WO1 | C93: HRIPAK ASHLEY ESTHER | D93: Warrant Officer | F93: Other | H93: Stratford Armory
A94: SURVEY | B94: SSG | C94: VENEGAS CHRISTIAN | D94: Enlisted | F94: Present | H94: Stratford Armory

Sheet HW
A1: HHC 192nd ENGINEER BATTALION
A3: H/W tracker
A5: STATUS LEGEND
B6: Present
B7: SUTA
B8: AWOL
A9: Section | B9: Rank | C9: Name | D9: Category | E9: Status | F9: Remarks | G9: H/W (JUN IDT) Pass / Fail
A10: CMD | B10: CSM | C10: RIOSSOTO ERNESTO | D10: Enlisted | E10: Present
A11: CMD | B11: LTC | C11: MILLER CHRISTOPHER | D11: Officer | E11: Present | G11: Did not take
A12: CMD | B12: MAJ | C12: GABER, AARON | D12: Officer | E12: Other | F12: ROTC SUPPORT
A13: CMD | B13: MAJ | C13: GIUNTO JUSTIN H | D13: Officer | E13: Present
A14: HQ | B14: 1LT | C14: PRADO CARLOS ANDRES | D14: Officer | E14: Present | G14: PASS
A15: HQ | B15: 1SG | C15: MINICUCCI MARC | D15: Enlisted | E15: Present | G15: PASS
A16: HQ | B16: 2LT | C16: HANG | D16: Officer
A17: S2 | B17: 2LT | C17: QUESNEL | D17: Officer | E17: Present | G17: PASS
A18: S3 | B18: 2LT | C18: WILLET | D18: Officer | E18: Present | G18: PASS
A19: HQ | B19: CDT | C19: RUIZ NOAH RYAN | D19: Officer | E19: Other | F19: ROTC
A20: HQ | B20: CPT | C20: HERRERA FREDDY | D20: Officer | E20: Present | G20: PASS
A21: HQ | B21: PV1 | C21: CHARLESTON RICHIE SA | D21: Enlisted | E21: Other | F21: BCT
A22: HQ | B22: SFC | C22: MARTOVICH RYAN | D22: Enlisted | E22: Present
A23: HQ | B23: SPC | C23: CARDENAS RIVALDO | D23: Enlisted | E23: Present | G23: PASS
A24: HQ | B24: SPC | C24: LANG AARON | D24: Enlisted | E24: Present | G24: PASS
A25: HQ | B25: SPC | C25: MEDINA JAELYNN | D25: Enlisted | E25: Present | G25: PASS
A26: HQ | B26: SPC | C26: STRENGOWSKI JENNA | D26: Enlisted | E26: Present | G26: PASS
A27: HQ | B27: SSG | C27: GONZALEZ DANIEL | D27: Enlisted | E27: Present | G27: PASS
A28: HQ | B28: SSG | C28: MIRANDA JOSUE | D28: Enlisted | E28: Present
A29: HQ | B29: SSG | C29: MONIZ RACHEL | D29: Enlisted | E29: Present
A30: HQ | B30: PFC | C30: ROPER JONATHAN | D30: Enlisted | E30: Present | G30: PASS
A31: S1 | B31: 1LT | C31: MAPU VICTORIA STEPHA | D31: Officer | E31: Other | F31: DEPLOYMENT
A32: S1 | B32: PFC | C32: CRUZ ELIZABETH | D32: Enlisted | E32: Present | G32: PASS
A33: S1 | B33: PFC | C33: DECARLI DANIEL ALLEN | D33: Enlisted | E33: SUTA
A34: S1 | B34: PFC | C34: MAYORGRANFABIAN LAIS | D34: Enlisted | E34: SUTA
A35: S1 | B35: SFC | C35: ALBINO JESSICA | D35: Enlisted | E35: Present | G35: PASS
A36: S1 | B36: SGT | C36: ADDAE CHRISTIAN | D36: Enlisted | E36: Present | G36: PASS
A37: S1 | B37: SGT | C37: BROWN DEYSHANAE KRI | D37: Enlisted | E37: Off-Site Training | F37: ALT AT
A38: S1 | B38: SGT | C38: JARVIS STEPHANIE R | D38: Enlisted | E38: Present | G38: PASS
A39: S1 | B39: SGT | C39: PEREZ MONTERO ANDRE | D39: Enlisted | E39: Present | G39: PASS
A40: S1 | B40: SPC | C40: HUDSON ALDAINE | D40: Enlisted | E40: Other | F40: PATERNITY LEAVE
A41: S1 | B41: SSG | C41: SCHNEIDER CURTIS | D41: Enlisted | E41: Present
A42: S1 | B42: 2LT | C42: KALSON JAKE | D42: Officer | E42: Present | G42: PASS
A43: S2 | B43: 2LT | C43: LACEY LUKE | D43: Officer | E43: SUTA
A44: S2 | B44: 2LT | C44: VANDYKE RIGLEY | D44: Officer | E44: Present | G44: PASS
A45: S2 | B45: CPT | C45: SUAZO ELVIS | D45: Officer | E45: Present | G45: PASS
A46: S2 | B46: MSG | C46: SANTIAGO JOSE | D46: Enlisted | E46: Other | F46: RESERVES TRANSFER | G46: PASS
A47: S2 | B47: SGT | C47: CALLAHAN MATTHEW | D47: Enlisted | E47: Present | G47: PASS
A48: S2 | B48: SGT | C48: EIKLEBERRY ADAM | D48: Enlisted | E48: Present | G48: FAIL
A49: S2 | B49: SPC | C49: HUNDLEY JALEN ERIC | D49: Enlisted | E49: Present | G49: PASS
A50: S3 | B50: 2LT | C50: BISHOP JAMES P | D50: Officer | E50: Other | F50: BOLC
A51: S3 | B51: 2LT | C51: JARA JASON | D51: Officer | E51: Other | F51: BOLC
A52: S3 | B52: 2LT | C52: ROSE CHARLES NELSON | D52: Officer | E52: Other | F52: BOLC
A53: S3 | B53: CDT | C53: BERNARD GORMAN | D53: Officer | E53: Other | F53: SCHOOL
A54: S3 | B54: CDT | C54: ROOT EVAN | D54: Cadet | E54: Present | G54: PASS
A55: S3 | B55: CPT | C55: CASO NATHAN | D55: Officer | E55: Present | G55: PASS
A56: S3 | B56: CPT | C56: CHONGCUY, LILIANA RIBE | D56: Officer | E56: Present | G56: PASS
A57: S3 | B57: CPT | C57: DONLON MATTHEW | D57: Officer | E57: Present
A58: S3 | B58: CPT | C58: SCORZELLI PETER Josep | D58: Officer | E58: Present | G58: PASS
A59: S3 | B59: MSG | C59: LONDON, STEVEN JOHN | D59: Enlisted | E59: Present | G59: PASS
A60: S3 | B60: MSG | C60: NIEWIAROWSKI, JOSEPH | D60: Enlisted | E60: Present | G60: PASS
A61: S3 | B61: SFC | C61: PARREIRA DANIEL | D61: Enlisted | E61: Present | G61: PASS
A62: S3 | B62: SGT | C62: VALENCIA FABIAN | D62: Enlisted | E62: Present | G62: PASS
A63: S3 | B63: SPC | C63: HENRY STEPHON | D63: Enlisted | E63: Present | G63: PASS
A64: S3 | B64: CPT | C64: CAPORUSSO CAMERON | D64: Officer | E64: Present | G64: PASS
A65: S3 | B65: 1LT | C65: RUSSEL BRIAN | D65: OffIcer | E65: Present | G65: PASS
A66: S3 | B66: 1LT | C66: ZHANG RYAN | D66: Officer | E66: Present | G66: PASS
A67: S4 | B67: CPL | C67: BROWN MICHAEL DAVID | D67: Enlisted | E67: Other | F67: CROSSROADS
A68: S4 | B68: CPT | C68: RICH TIMOTHY D | D68: Officer | E68: Present | G68: PASS
A69: S4 | B69: CW3 | C69: DAVIS STEVEN | D69: Warrant Officer | E69: Present
A70: S4 | B70: SFC | C70: HODGES MARQUETTA | D70: Enlisted | E70: Present
A71: S4 | B71: SFC | C71: SMITH CHAZ | D71: Enlisted
A72: S4 | B72: SGT | C72: DWOMOH CHRISTIAN | D72: Enlisted | E72: SUTA
A73: S4 | B73: SPC | C73: CODERO MARICELA | D73: Enlisted | E73: Sick Call | F73: SURGERY 6/12/26
A74: S4 | B74: SPC | C74: JEANBAPTISE TAMIKA | D74: Enlisted | E74: Present | F74: SUTA SAT ONLY | G74: Did not take
A75: S4 | B75: SPC | C75: SANDOVAL YAHAIRA | D75: Enlisted | E75: Present | G75: PASS
A76: S6 | B76: 1LT | C76: ARAGON VANESSA J | D76: Officer | E76: Present | G76: PASS
A77: S6 | B77: 2LT | C77: TUCCI ALEXANDER L | D77: Officer | E77: Present | G77: PASS
A78: S6 | B78: CPL | C78: PETTWAY, JAYKWAN | D78: Enlisted | E78: Present | G78: PASS
A79: S6 | B79: PFC | C79: DELIMA NATHAN | D79: Enlisted | E79: Other | F79: ROTC
A80: S6 | B80: SFC | C80: SCZYGIEL NATHAN DANIE | D80: Enlisted | E80: Present | G80: PASS
A81: S6 | B81: SPC | C81: COELHO KAIQUE DINIZ | D81: Enlisted | E81: SUTA
A82: S6 | B82: SPC | C82: RIVERA JONATHAN | D82: Enlisted | E82: Present | G82: FAIL
A83: S6 | B83: SPC | C83: SAETEROSENCALADA JO | D83: Enlisted | E83: Present | G83: PASS
A84: MED | B84: CPT | C84: MELLAD DANE ALEXANDR | D84: Officer | E84: SUTA
A85: MED | B85: PV2 | C85: IBARRA SHAWN | D85: Enlisted | E85: Present | G85: PASS
A86: MED | B86: SGT | C86: HORNUNG, ASHLEY MAE | D86: Enlisted | E86: Present | G86: PASS
A87: MED | B87: SPC | C87: BRAVO NAYELLI | D87: Enlisted | E87: Present | G87: Did not take
A88: MED | B88: SPC | C88: MOLINASANDOVAL KARE | D88: Enlisted | E88: Present | G88: PASS
A89: MED | B89: SSG | C89: CREAVEN NICHOLAS PAT | D89: Enlisted | E89: Present | G89: PASS
A90: SURVEY | B90: PFC | C90: DE LA CRUZ ANDERSON | D90: Enlisted | E90: Present | G90: PASS
A91: SURVEY | B91: PV2 | C91: FIORENTINO RONALDO | D91: Enlisted | E91: Present | G91: PASS
A92: SURVEY | B92: SFC | C92: REYES REINALDO JUNIOR | D92: Enlisted | E92: Present | G92: Did not take
A93: SURVEY | B93: SGT | C93: BREHMER JOHN | D93: Enlisted | E93: Present | G93: Did not take
A94: SURVEY | B94: SGT | C94: DESGRAVES JEAN | D94: Enlisted | E94: SUTA
A95: SURVEY | B95: SGT | C95: VASQUEZ FRANKLIN | D95: Enlisted | E95: Present | G95: PASS
A96: SURVEY | B96: SPC | C96: SMALL OMAR HAMILTON | D96: Enlisted | E96: Present
A97: SURVEY | B97: WO1 | C97: HRIPAK ASHLEY ESTHER | D97: Warrant Officer | E97: Other | F97: WOCS
A98: SURVEY | B98: SSG | C98: VENEGAS CHRISTIAN | D98: Enlisted | E98: Present | G98: PASS
G99: 41/65

Sheet Due Outs
A1: Section | B1: NCOERS | C1: OER | D1: E5/E6 board preferences | E1: Sec Clearance | F1: eURI Survay
A2: HQ | B2: 46023 | C2: 0/1 | D2: 46085 | E2: 46055 | F2: 46032
A3: MED | B3: 0/0 | C3: 0/0 | D3: 46024 | E3: 0/2 | F3: 46148
A4: SURVEY | B4: 0/2 | C4: 0/0 | D4: 46084 | E4: 46023 | F4: 8/9 (1 not present)
A5: S1 | B5: 1/1 (w/ chap) | C5: 0 | D5: 46055 | E5: 46023 | F5: 46210
A6: S2 | B6: 0/0 | C6: 0/1 (blackwell) | D6: 46055 | F6: 46147
A7: S3 | B7: 0 | C7: 46056 | D7: 46055 | E7: 0/1 | F7: 13/14
A8: S4 | B8: 0/1 | C8: 0/1 (w/ rater) | D8: 0 | F8: 46242
A9: S6 | B9: 0/0 | C9: 0/0 | D9: 2/3 (1 with expired CAC) | E9: 46023 | F9: 46180
A10: Totals | B10: 46026 | C10: 46059 | D10: 13/15 | E10: 5/ | F10: 45/56

Sheet Location (Manual)
A1: HHC 192nd ENGINEER BATTALION — Location Tracker (Manual)
A3: Enter soldier counts per section per location. Totals auto-check against Attendance Report.
A5: INDICATOR LEGEND
B6: Totals match — all soldiers accounted for
B7: Mismatch — total does not equal Present count
B8: Partial — some sections not yet entered (blanks exist)
B10: Enter headcount per section →
A11: Location | B11: CMD | C11: HQ | D11: S1 | E11: S2 | F11: S3 | G11: S4 | H11: S6 | I11: MED | J11: SURVEY | K11: Row Total
A12: Stratford Armory | K12: =SUM(B12:J12) -> 0
A13: London Armory | K13: =SUM(B13:J13) -> 0
A14: Norwich Armory | K14: =SUM(B14:J14) -> 0
A15: Stone Ranch Military Reserve | K15: =SUM(B15:J15) -> 0
A16: Camp Nett | K16: =SUM(B16:J16) -> 0
A17: COLUMN TOTAL | B17: =SUM(B12:B16) -> 0 | C17: =SUM(C12:C16) -> 0 | D17: =SUM(D12:D16) -> 0 | E17: =SUM(E12:E16) -> 0 | F17: =SUM(F12:F16) -> 0 | G17: =SUM(G12:G16) -> 0 | H17: =SUM(H12:H16) -> 0 | I17: =SUM(I12:I16) -> 0 | ... K17: =SUM(K12:K16) -> 0
A19: HEADCOUNT CHECK
A20: Total Present (Attendance Report) | D20: =COUNTIF('Attendance Report'!F10:F97,"Present") -> 65
A21: Total Entered (All Locations) | D21: =K17 -> 0
A22: Difference | D22: =D20-D21 -> 65

Sheet Location Summary
A1: HHC 192nd ENGINEER BATTALION — Drill Location Tracker | N1: ATTENDANCE vs LOCATION CHECK
N2: Updates live from Attendance Report
A3: Location totals must match Present count — highlighted RED if mismatch | N3: Metric | O3: Count
N4: Total Assigned | O4: =COUNTA('Attendance Report'!B10:B98) -> 85
A5: INDICATOR LEGEND | N5: Total Present | O5: =COUNTIF('Attendance Report'!F10:F98,"Present") -> 65
B6: Totals match — all accounted for | N6: Assigned to a Location | O6: =B16 -> 84
B7: Mismatch — totals do not equal Present count | N7: Unassigned (no location) | O7: =COUNTIF('Attendance Report'!H10:H94,"") -> 0
N8: Difference (Present − Location Total) | O8: =O5-O6 -> -19
D9: Soldiers Present by Section at this Location
A10: Location | B10: Assigned to Location | C10: Present at Location | D10: CMD | E10: HQ | F10: S1 | G10: S2 | H10: S3 | I10: S4 | J10: S6 | K10: MED | L10: SURVEY
A11: Stratford Armory | B11: =COUNTIF('Attendance Report'!H10:H98,A11) -> 84 | C11: =COUNTIFS('Attendance Report'!H10:H98,A11,'Attendance Report'!F10:F98,"Present") -> 65 | D11: =COUNTIFS('Attendance Report'!H10:H98,A11,'Attendance Report'!A10:A98,"CMD") -> 5 | E11: =COUNTIFS('Attendance Report'!H10:H98,A11,'Attendance Report'!A10:A98,"HQ") -> 15 | F11: =COUNTIFS('Attendance Report'!H10:H98,A11,'Attendance Report'!A10:A98,"S1") -> 11 | G11: =COUNTIFS('Attendance Report'!H10:H98,A11,'Attendance Report'!A10:A98,"S2") -> 7 | H11: =COUNTIFS('Attendance Report'!H10:H98,A11,'Attendance Report'!A10:A98,"S3") -> 16 | I11: =COUNTIFS('Attendance Report'!H10:H98,A11,'Attendance Report'!A10:A98,"S4") -> 9 | J11: =COUNTIFS('Attendance Report'!H10:H98,A11,'Attendance Report'!A10:A98,"S6") -> 7 | K11: =COUNTIFS('Attendance Report'!H10:H98,A11,'Attendance Report'!A10:A98,"MED") -> 6 | L11: =COUNTIFS('Attendance Report'!H10:H98,A11,'Attendance Report'!A10:A98,"SURVEY") -> 8
A12: London Armory | B12: =COUNTIF('Attendance Report'!H10:H98,A12) -> 0 | C12: =COUNTIFS('Attendance Report'!H10:H98,A12,'Attendance Report'!F10:F98,"Present") -> 0 | D12: =COUNTIFS('Attendance Report'!H10:H98,A12,'Attendance Report'!A10:A98,"CMD") -> 0 | E12: =COUNTIFS('Attendance Report'!H10:H98,A12,'Attendance Report'!A10:A98,"HQ") -> 0 | F12: =COUNTIFS('Attendance Report'!H10:H98,A12,'Attendance Report'!A10:A98,"S1") -> 0 | G12: =COUNTIFS('Attendance Report'!H10:H98,A12,'Attendance Report'!A10:A98,"S2") -> 0 | H12: =COUNTIFS('Attendance Report'!H10:H98,A12,'Attendance Report'!A10:A98,"S3") -> 0 | I12: =COUNTIFS('Attendance Report'!H10:H98,A12,'Attendance Report'!A10:A98,"S4") -> 0 | J12: =COUNTIFS('Attendance Report'!H10:H98,A12,'Attendance Report'!A10:A98,"S6") -> 0 | K12: =COUNTIFS('Attendance Report'!H10:H98,A12,'Attendance Report'!A10:A98,"MED") -> 0 | L12: =COUNTIFS('Attendance Report'!H10:H98,A12,'Attendance Report'!A10:A98,"SURVEY") -> 0
A13: Norwich Armory | B13: =COUNTIF('Attendance Report'!H10:H98,A13) -> 0 | C13: =COUNTIFS('Attendance Report'!H10:H98,A13,'Attendance Report'!F10:F98,"Present") -> 0 | D13: =COUNTIFS('Attendance Report'!H10:H98,A13,'Attendance Report'!A10:A98,"CMD") -> 0 | E13: =COUNTIFS('Attendance Report'!H10:H98,A13,'Attendance Report'!A10:A98,"HQ") -> 0 | F13: =COUNTIFS('Attendance Report'!H10:H98,A13,'Attendance Report'!A10:A98,"S1") -> 0 | G13: =COUNTIFS('Attendance Report'!H10:H98,A13,'Attendance Report'!A10:A98,"S2") -> 0 | H13: =COUNTIFS('Attendance Report'!H10:H98,A13,'Attendance Report'!A10:A98,"S3") -> 0 | I13: =COUNTIFS('Attendance Report'!H10:H98,A13,'Attendance Report'!A10:A98,"S4") -> 0 | J13: =COUNTIFS('Attendance Report'!H10:H98,A13,'Attendance Report'!A10:A98,"S6") -> 0 | K13: =COUNTIFS('Attendance Report'!H10:H98,A13,'Attendance Report'!A10:A98,"MED") -> 0 | L13: =COUNTIFS('Attendance Report'!H10:H98,A13,'Attendance Report'!A10:A98,"SURVEY") -> 0
A14: Stone Ranch Military Reserve | B14: =COUNTIF('Attendance Report'!H10:H98,A14) -> 0 | C14: =COUNTIFS('Attendance Report'!H10:H98,A14,'Attendance Report'!F10:F98,"Present") -> 0 | D14: =COUNTIFS('Attendance Report'!H10:H98,A14,'Attendance Report'!A10:A98,"CMD") -> 0 | E14: =COUNTIFS('Attendance Report'!H10:H98,A14,'Attendance Report'!A10:A98,"HQ") -> 0 | F14: =COUNTIFS('Attendance Report'!H10:H98,A14,'Attendance Report'!A10:A98,"S1") -> 0 | G14: =COUNTIFS('Attendance Report'!H10:H98,A14,'Attendance Report'!A10:A98,"S2") -> 0 | H14: =COUNTIFS('Attendance Report'!H10:H98,A14,'Attendance Report'!A10:A98,"S3") -> 0 | I14: =COUNTIFS('Attendance Report'!H10:H98,A14,'Attendance Report'!A10:A98,"S4") -> 0 | J14: =COUNTIFS('Attendance Report'!H10:H98,A14,'Attendance Report'!A10:A98,"S6") -> 0 | K14: =COUNTIFS('Attendance Report'!H10:H98,A14,'Attendance Report'!A10:A98,"MED") -> 0 | L14: =COUNTIFS('Attendance Report'!H10:H98,A14,'Attendance Report'!A10:A98,"SURVEY") -> 0
A15: Camp Nett | B15: =COUNTIF('Attendance Report'!H10:H98,A15) -> 0 | C15: =COUNTIFS('Attendance Report'!H10:H98,A15,'Attendance Report'!F10:F98,"Present") -> 0 | D15: =COUNTIFS('Attendance Report'!H10:H98,A15,'Attendance Report'!A10:A98,"CMD") -> 0 | E15: =COUNTIFS('Attendance Report'!H10:H98,A15,'Attendance Report'!A10:A98,"HQ") -> 0 | F15: =COUNTIFS('Attendance Report'!H10:H98,A15,'Attendance Report'!A10:A98,"S1") -> 0 | G15: =COUNTIFS('Attendance Report'!H10:H98,A15,'Attendance Report'!A10:A98,"S2") -> 0 | H15: =COUNTIFS('Attendance Report'!H10:H98,A15,'Attendance Report'!A10:A98,"S3") -> 0 | I15: =COUNTIFS('Attendance Report'!H10:H98,A15,'Attendance Report'!A10:A98,"S4") -> 0 | J15: =COUNTIFS('Attendance Report'!H10:H98,A15,'Attendance Report'!A10:A98,"S6") -> 0 | K15: =COUNTIFS('Attendance Report'!H10:H98,A15,'Attendance Report'!A10:A98,"MED") -> 0 | L15: =COUNTIFS('Attendance Report'!H10:H98,A15,'Attendance Report'!A10:A98,"SURVEY") -> 0
A16: TOTAL | B16: =SUM(B11:B15) -> 84 | C16: =SUM(C11:C15) -> 65 | D16: =SUM(D11:D15) -> 5 | E16: =SUM(E11:E15) -> 15 | F16: =SUM(F11:F15) -> 11 | G16: =SUM(G11:G15) -> 7 | H16: =SUM(H11:H15) -> 16 | I16: =SUM(I11:I15) -> 9 | ... L16: =SUM(L11:L15) -> 8

Sheet Security Clearance
A1: HHC 192nd ENGINEER BATTALION | I1: CLEARANCE SUMMARY
I2: Auto-calculated from due dates
A3: Security Clearance — Form Update Tracker | I3: Category | J3: Count | K3: Active
I4: Overdue | J4: =COUNTIFS(D10:D28,"<"&TODAY(),F10:F28,"<>Yes") -> 8 | K4: =COUNTIFS(D10:D28,"<"&TODAY(),F10:F28,"<>Yes") -> 8
A5: STATUS LEGEND | I5: Due ≤ 90 Days | J5: =COUNTIFS(D10:D28,">="&TODAY(),D10:D28,"<="&(TODAY()+90),F10:F28,"<>Yes") -> 1 | K5: =COUNTIFS(D10:D28,">="&TODAY(),D10:D28,"<="&(TODAY()+90),F10:F28,"<>Yes") -> 1
B6: Overdue | I6: Current | J6: =COUNTIFS(D10:D28,">"&(TODAY()+90),F10:F28,"<>Yes") -> 0 | K6: =COUNTIFS(D10:D28,">"&(TODAY()+90),F10:F28,"<>Yes") -> 0
B7: Due within 90 days | I7: Complete | J7: =COUNTIF(F10:F28,"Yes") -> 10 | K7: N/A
B8: Complete | I8: TOTAL | J8: =COUNTA(A10:A28) -> 19 | K8: =J8-J7 -> 9
A9: Name | B9: Rank | C9: Eligibility | D9: Form Update Due | E9: Days Until Due | F9: Complete | G9: Remarks
A10: PARREIRA DANIEL JORGE | B10: SFC | C10: Secret | D10: 45666 | E10: =D10-TODAY() -> -603 | G10: Legal Paerwork Pending
A11: VASQUEZ FRANKLIN ALBERT | B11: SGT | C11: Secret | D11: 45683 | E11: =D11-TODAY() -> -586 | F11: Yes
A12: EIKLEBERRY ADAM JOHN | B12: SGT | C12: Secret | D12: 45690 | E12: =D12-TODAY() -> -579 | F12: Yes
A13: MEDINA JAELYNN SIERRA | B13: SPC | C13: Secret | D13: 45690 | E13: =D13-TODAY() -> -579 | F13: Yes
A14: JEANBAPTISTE TAMIKA ANDREE | B14: SPC | C14: Secret | D14: 45691 | E14: =D14-TODAY() -> -578 | G14: working on it
A15: PEREZ MONTERO ANDREA CARLA | B15: SGT | C15: Secret | D15: 45698 | E15: =D15-TODAY() -> -571 | F15: Yes
A16: PRADO CARLOS ANDRES | B16: 1LT | C16: Secret | D16: 45698 | E16: =D16-TODAY() -> -571 | F16: Yes
A17: BROWN MICHAEL DAVID | B17: CPL | C17: Secret | D17: 45910 | E17: =D17-TODAY() -> -359 | G17: last drill
A18: SUAZO ELVIS RAUL | B18: CPT | C18: SCI-ICD704 | D18: 46089 | E18: =D18-TODAY() -> -180 | F18: No
A19: DONLON MATTHEW THOMAS | B19: CPT | C19: Secret | D19: 46096 | E19: =D19-TODAY() -> -173
A20: CASO NATHAN MARTIN | B20: MAJ | C20: Secret | D20: 46103 | E20: =D20-TODAY() -> -166 | F20: Yes
A21: JOSEPH ALLEN | B21: SPC | C21: Secret | D21: 46103 | E21: =D21-TODAY() -> -166
A22: DWOMOHBARIMAH CHRISTIAN TABI | B22: SGT | C22: Secret | D22: 46111 | E22: =D22-TODAY() -> -158 | F22: Yes
A23: MARTOVICH RYAN STEPHEN | B23: SFC | C23: Secret | D23: 46130 | E23: =D23-TODAY() -> -139 | F23: Yes
A24: HORNUNG ASHLEY MAE JEANE | B24: SGT | C24: Secret | D24: 46240 | E24: =D24-TODAY() -> -29 | G24: WIP
A25: PETTWAY JAYKWAN | B25: CPL | C25: Secret | D25: 46240 | E25: =D25-TODAY() -> -29 | F25: Yes
A26: OBRIEN BRENNAN MICHAEL | B26: SPC | C26: Secret | D26: 46260 | E26: =D26-TODAY() -> -9
A27: BREHMER JOHN HENRY PAUL | B27: SGT | C27: Secret | D27: 46278 | E27: =D27-TODAY() -> 9 | F27: Yes
A28: BRAVO NAYELLI SHIRLEY | B28: SPC | C28: Secret | D28: 46298 | E28: =D28-TODAY() -> 29 | G28: WIP
A29: Venegas | F29: Yes
